dataset,seed,method,rmse,mae,test_rows,fold
cairsense,0,anchored,2.9994840238585456,2.1924049335977305,322.0,
cairsense,1,anchored,3.1462751643122053,2.2343098391657294,322.0,
cairsense,42,anchored,2.941936776119948,2.1434734385946523,322.0,
seneurcity,0,anchored,4.624771906067079,3.1386126366063105,28077.0,
seneurcity,1,anchored,5.391624184118311,3.537724211255289,28077.0,
seneurcity,42,anchored,5.287948393053753,3.3897546296548176,28077.0,
toy_spatial,0,anchored,1.735369086265564,1.3825784921646118,,
toy_spatial,1,anchored,1.7453659772872925,1.3933203220367432,,
toy_spatial,42,anchored,1.7374523878097534,1.3882426023483276,,
cairsense,0,nobias,2.7624442074579663,1.843834286150725,322.0,
cairsense,1,nobias,2.868241707804893,2.025106212367182,322.0,
cairsense,42,nobias,2.856159841007118,1.9950413030126821,322.0,
seneurcity,0,nobias,5.633665592006064,3.565012899848621,28077.0,
seneurcity,1,nobias,5.829449814986682,3.8040292034182457,28077.0,
seneurcity,42,nobias,5.91159855974406,3.737254974360343,28077.0,
toy_spatial,0,nobias,2.273925304412842,1.856027364730835,20000.0,
toy_spatial,1,nobias,2.271944761276245,1.8559414148330688,20000.0,
toy_spatial,42,nobias,2.272711753845215,1.8552312850952148,20000.0,
