dataset,seed,method,rmse,mae,test_rows
cairsense,0,Inverse variance weighting baseline,3.910590889338567,2.5578739487606548,322
cairsense,0,Mean module baseline,4.084810476353779,2.54121646673783,322
cairsense,0,Probabilistic PCA baseline,3.4098301711556336,2.3245303112527598,322
cairsense,0,Single-sensor baseline (AirAssure1),5.826316030579978,4.602302343949027,322
cairsense,0,Single-sensor baseline (AirAssure2),3.9447301237403076,2.60515995129295,322
cairsense,0,Single-sensor baseline (AirAssure3),3.62860256560522,2.5424426223920737,322
cairsense,0,Temporal Kalman filter baseline,3.8811032371322205,2.5530865140583203,322
cairsense,0,Veli baseline,3.755235192933694,2.413790880124224,322
cairsense,0,anchored,2.9994840238585456,2.1924049335977305,322
cairsense,1,Inverse variance weighting baseline,3.910590889338567,2.5578739487606548,322
cairsense,1,Mean module baseline,4.084810476353779,2.54121646673783,322
cairsense,1,Probabilistic PCA baseline,3.4098301711556336,2.3245303112527598,322
cairsense,1,Single-sensor baseline (AirAssure1),5.826316030579978,4.602302343949027,322
cairsense,1,Single-sensor baseline (AirAssure2),3.9447301237403076,2.60515995129295,322
cairsense,1,Single-sensor baseline (AirAssure3),3.62860256560522,2.5424426223920737,322
cairsense,1,Temporal Kalman filter baseline,3.8811032371322205,2.5530865140583203,322
cairsense,1,Veli baseline,3.72038328782074,2.4107212319875773,322
cairsense,1,anchored,3.1462751643122053,2.2343098391657294,322
cairsense,42,Inverse variance weighting baseline,3.910590889338567,2.5578739487606548,322
cairsense,42,Mean module baseline,4.084810476353779,2.54121646673783,322
cairsense,42,Probabilistic PCA baseline,3.4098301711556336,2.3245303112527598,322
cairsense,42,Single-sensor baseline (AirAssure1),5.826316030579978,4.602302343949027,322
cairsense,42,Single-sensor baseline (AirAssure2),3.9447301237403076,2.60515995129295,322
cairsense,42,Single-sensor baseline (AirAssure3),3.62860256560522,2.5424426223920737,322
cairsense,42,Temporal Kalman filter baseline,3.8811032371322205,2.5530865140583203,322
cairsense,42,Veli baseline,3.776939915253949,2.41476661863354,322
cairsense,42,anchored,2.941936776119948,2.1434734385946523,322
seneurcity,0,Inverse variance weighting baseline,7.757677275824733,5.258311691356188,28077
seneurcity,0,Mean module baseline,6.805572932109557,3.950236476910829,28077
seneurcity,0,Probabilistic PCA baseline,5.561231246527808,3.8089927819717997,28077
seneurcity,0,Single-sensor baseline (5325CAT),7.092920143865211,4.985311315045821,28077
seneurcity,0,Single-sensor baseline (5325CST),10.438448947070954,6.3874166992674715,28077
seneurcity,0,Single-sensor baseline (OPCN3PM25),15.692080808065292,7.797526850474332,28077
seneurcity,0,Temporal Kalman filter baseline,7.092893422119284,4.985256439864128,28077
seneurcity,0,Veli baseline,8.100411172991834,3.879430061030025,28077
seneurcity,0,anchored,4.624771906067079,3.1386126366063105,28077
seneurcity,1,Inverse variance weighting baseline,7.757677275824733,5.258311691356188,28077
seneurcity,1,Mean module baseline,6.805572932109557,3.950236476910829,28077
seneurcity,1,Probabilistic PCA baseline,5.561231246527808,3.8089927819717997,28077
seneurcity,1,Single-sensor baseline (5325CAT),7.092920143865211,4.985311315045821,28077
seneurcity,1,Single-sensor baseline (5325CST),10.438448947070954,6.3874166992674715,28077
seneurcity,1,Single-sensor baseline (OPCN3PM25),15.692080808065292,7.797526850474332,28077
seneurcity,1,Temporal Kalman filter baseline,7.092893422119284,4.985256439864128,28077
seneurcity,1,Veli baseline,7.493784890384323,3.8438632986216477,28077
seneurcity,1,anchored,5.391624184118311,3.537724211255289,28077
seneurcity,42,Inverse variance weighting baseline,7.757677275824733,5.258311691356188,28077
seneurcity,42,Mean module baseline,6.805572932109557,3.950236476910829,28077
seneurcity,42,Probabilistic PCA baseline,5.561231246527808,3.8089927819717997,28077
seneurcity,42,Single-sensor baseline (5325CAT),7.092920143865211,4.985311315045821,28077
seneurcity,42,Single-sensor baseline (5325CST),10.438448947070954,6.3874166992674715,28077
seneurcity,42,Single-sensor baseline (OPCN3PM25),15.692080808065292,7.797526850474332,28077
seneurcity,42,Temporal Kalman filter baseline,7.092893422119284,4.985256439864128,28077
seneurcity,42,Veli baseline,8.007611768108477,3.8761170295213168,28077
seneurcity,42,anchored,5.287948393053753,3.3897546296548176,28077
toy_spatial,0,anchored,1.735369086265564,1.3825784921646118,
toy_spatial,0,Gaussian fusion baseline,3.073171377182007,2.5509252548217773,
toy_spatial,0,Inverse variance weighting baseline,3.260446548461914,2.6557247638702397,
toy_spatial,0,Mean module baseline,3.873518943786621,3.1174004077911377,
toy_spatial,0,Probabilistic PCA baseline,3.3375661373138428,2.841240644454956,
toy_spatial,0,Veli baseline,4.49498987197876,3.7480969429016113,
toy_spatial,0,Single-sensor baseline (sensor_0),2.4481842517852783,1.9527058601379397,
toy_spatial,0,Single-sensor baseline (sensor_1),5.484758377075195,4.428122043609619,
toy_spatial,0,Single-sensor baseline (sensor_2),7.747201442718506,5.966592311859131,
toy_spatial,1,anchored,1.7453659772872925,1.3933203220367432,
toy_spatial,1,Gaussian fusion baseline,3.073922872543335,2.550661325454712,
toy_spatial,1,Inverse variance weighting baseline,3.2479705810546875,2.6463940143585205,
toy_spatial,1,Mean module baseline,3.874601602554321,3.118377208709717,
toy_spatial,1,Probabilistic PCA baseline,3.3366777896881104,2.8414578437805176,
toy_spatial,1,Veli baseline,3.883859157562256,3.0839855670928955,
toy_spatial,1,Single-sensor baseline (sensor_0),2.4401333332061768,1.943045735359192,
toy_spatial,1,Single-sensor baseline (sensor_1),5.449869155883789,4.409375190734863,
toy_spatial,1,Single-sensor baseline (sensor_2),7.784504413604736,5.99311637878418,
toy_spatial,42,anchored,1.7374523878097534,1.3882426023483276,
toy_spatial,42,Gaussian fusion baseline,3.0767056941986084,2.556088447570801,
toy_spatial,42,Inverse variance weighting baseline,3.2564682960510254,2.6524696350097656,
toy_spatial,42,Mean module baseline,3.891141891479492,3.1394848823547363,
toy_spatial,42,Probabilistic PCA baseline,3.341932535171509,2.8450167179107666,
toy_spatial,42,Veli baseline,5.042938709259033,4.327640533447266,
toy_spatial,42,Single-sensor baseline (sensor_0),2.4275460243225098,1.9396347999572756,
toy_spatial,42,Single-sensor baseline (sensor_1),5.475619316101074,4.4361419677734375,
toy_spatial,42,Single-sensor baseline (sensor_2),7.795848846435547,5.997111797332764,
