dataset,method,rmse_mean,rmse_std,mae_mean,mae_std,n_seeds,rmse_delta_pct,mae_delta_pct
cairsense,Inverse variance weighting baseline,3.910590889338567,0.0,2.5578739487606548,0.0,3,29.095127237032003,16.79455138007018
cairsense,Mean module baseline,4.084810476353779,0.0,2.54121646673783,0.0,3,34.846406363219515,16.03395755138679
cairsense,Probabilistic PCA baseline,3.4098301711556336,0.0,2.32453031125276,0.0,3,12.564180774343491,6.13989598810567
cairsense,Temporal Kalman filter baseline,3.881103237132221,0.0,2.5530865140583203,0.0,3,28.121690658974764,16.57595331796027
cairsense,Veli baseline,3.750852798669461,0.02853186045931955,2.413092910248447,0.0021110802304631993,3,23.821906457085706,10.183734435956481
cairsense,anchored,3.0292319880968996,0.10536721622258609,2.1900627371193706,0.045463472485443794,3,0.0,0.0
seneurcity,Inverse variance weighting baseline,7.757677275824733,0.0,5.258311691356188,0.0,3,52.06813890632247,56.713607354983786
seneurcity,Mean module baseline,6.805572932109558,0.0,3.950236476910829,0.0,3,33.404725819445915,17.72900591259463
seneurcity,Probabilistic PCA baseline,5.561231246527808,0.0,3.8089927819718006,0.0,3,9.01279540495774,13.519516203867754
seneurcity,Temporal Kalman filter baseline,7.0928934221192845,0.0,4.985256439864128,0.0,3,39.03686165494786,48.57573421618044
seneurcity,Veli baseline,7.867269277161545,0.3267581257772237,3.86647012972433,0.019648044529248104,3,54.21639167448578,15.232515173157202
seneurcity,anchored,5.101448161079714,0.4160557131958035,3.355363825838806,0.20176609674330911,3,0.0,0.0
toy_spatial,anchored,1.7393958171208699,0.005274196208007351,1.3880471388498943,0.005373581834760517,3,0.0,0.0
toy_spatial,Gaussian fusion baseline,3.0745999813079834,0.001861909343344257,2.552558342615763,0.0030600074220310594,3,76.76252587505968,83.89565247263559
toy_spatial,Inverse variance weighting baseline,3.2549618085225425,0.006372956079532557,2.6515294710795088,0.004735889860884762,3,87.13174864995989,91.0258950770583
toy_spatial,Mean module baseline,3.879754145940145,0.009876922539612816,3.1250874996185303,0.012478061037205956,3,123.05182683272733,125.14274999391661
toy_spatial,Probabilistic PCA baseline,3.338725487391154,0.0028126779010660885,2.84257173538208,0.0021202001228522874,3,91.94742533746975,104.7892795440199
toy_spatial,Veli baseline,4.473929246266683,0.5798267105411227,3.7199076811472573,0.6223065118518077,3,157.21168248364202,167.99577456926227
