method,rmse,mae,dataset,seed,anchor,fold,test_rows,anchor_sensor
anchored,1.735369086265564,1.3825784921646118,toy_spatial,0,sensor_0,,,
anchored,1.7453659772872925,1.3933203220367432,toy_spatial,1,sensor_0,,,
anchored,1.7374523878097534,1.3882426023483276,toy_spatial,42,sensor_0,,,
raw_anchor,2.4481842517852783,1.9527058601379395,toy_spatial,0,sensor_0,,,
raw_anchor,2.4401333332061768,1.943045735359192,toy_spatial,1,sensor_0,,,
raw_anchor,2.4275460243225098,1.9396347999572754,toy_spatial,42,sensor_0,,,
anchored,4.624771906067079,3.1386126366063105,seneurcity,0,5325CAT,,28077.0,
anchored,5.391624184118311,3.537724211255289,seneurcity,1,5325CAT,,28077.0,
anchored,5.287948393053753,3.3897546296548176,seneurcity,42,5325CAT,,28077.0,
raw_anchor,7.092920143865211,4.985311315045821,seneurcity,0,5325CAT,,28077.0,
raw_anchor,7.092920143865211,4.985311315045821,seneurcity,1,5325CAT,,28077.0,
raw_anchor,7.092920143865211,4.985311315045821,seneurcity,42,5325CAT,,28077.0,
anchored,2.9994840238585456,2.1924049335977305,cairsense,0,AirAssure3,,322.0,
anchored,3.1462751643122053,2.2343098391657294,cairsense,1,AirAssure3,,322.0,
anchored,2.941936776119948,2.1434734385946523,cairsense,42,AirAssure3,,322.0,
raw_anchor,3.62860256560522,2.5424426223920737,cairsense,0,AirAssure3,,322.0,
raw_anchor,3.62860256560522,2.5424426223920737,cairsense,1,AirAssure3,,322.0,
raw_anchor,3.62860256560522,2.5424426223920737,cairsense,42,AirAssure3,,322.0,
anchored,4.054512977600098,3.587822675704956,toy_spatial,0,sensor_1,,20000.0,sensor_1
anchored,4.054077625274658,3.586946964263916,toy_spatial,1,sensor_1,,20000.0,sensor_1
anchored,4.057910442352295,3.591426134109497,toy_spatial,42,sensor_1,,20000.0,sensor_1
raw_anchor,5.484758345508743,4.428121548734792,toy_spatial,0,sensor_1,,20000.0,sensor_1
raw_anchor,5.4498693478596945,4.409374760036962,toy_spatial,1,sensor_1,,20000.0,sensor_1
raw_anchor,5.475619422880998,4.436141883011116,toy_spatial,42,sensor_1,,20000.0,sensor_1
anchored,4.90916633605957,4.269154071807861,toy_spatial,0,sensor_2,,20000.0,sensor_2
anchored,4.912186622619629,4.266098499298096,toy_spatial,1,sensor_2,,20000.0,sensor_2
anchored,4.893441200256348,4.260434150695801,toy_spatial,42,sensor_2,,20000.0,sensor_2
raw_anchor,7.747201424960064,5.966591890344582,toy_spatial,0,sensor_2,,20000.0,sensor_2
raw_anchor,7.78450416717495,5.993116262296401,toy_spatial,1,sensor_2,,20000.0,sensor_2
raw_anchor,7.795848753481733,5.997111801421177,toy_spatial,42,sensor_2,,20000.0,sensor_2
anchored,6.0788291977155025,4.015243651270208,seneurcity,0,OPCN3PM25,,28077.0,
anchored,7.657665511453898,5.369820480371815,seneurcity,1,OPCN3PM25,,28077.0,
anchored,7.512820156647742,5.157907767483842,seneurcity,42,OPCN3PM25,,28077.0,
raw_anchor,15.692081130186113,7.797526632670138,seneurcity,0,OPCN3PM25,,28077.0,
raw_anchor,15.692081130186113,7.797526632670138,seneurcity,1,OPCN3PM25,,28077.0,
raw_anchor,15.692081130186113,7.797526632670138,seneurcity,42,OPCN3PM25,,28077.0,
anchored,4.686539522329567,3.202202020854986,seneurcity,0,5325CST,,28077.0,
anchored,6.028779659253659,3.7724444293931674,seneurcity,1,5325CST,,28077.0,
anchored,5.922309241535268,3.6529547746065067,seneurcity,42,5325CST,,28077.0,
raw_anchor,10.438449121590889,6.387416715255476,seneurcity,0,5325CST,,28077.0,
raw_anchor,10.438449121590889,6.387416715255476,seneurcity,1,5325CST,,28077.0,
raw_anchor,10.438449121590889,6.387416715255476,seneurcity,42,5325CST,,28077.0,
anchored,4.05417411480807,3.0161090000816015,cairsense,0,AirAssure1,,322.0,
anchored,8.923544682553835,7.4892761603645654,cairsense,1,AirAssure1,,322.0,
anchored,7.987013462601577,6.135894899782927,cairsense,42,AirAssure1,,322.0,
raw_anchor,5.826315670554213,4.602302356334821,cairsense,0,AirAssure1,,322.0,
raw_anchor,5.826315670554213,4.602302356334821,cairsense,1,AirAssure1,,322.0,
raw_anchor,5.826315670554213,4.602302356334821,cairsense,42,AirAssure1,,322.0,
anchored,2.966763657470083,2.1143707866254062,cairsense,0,AirAssure2,,322.0,
anchored,3.316356787860807,2.258832547975623,cairsense,1,AirAssure2,,322.0,
anchored,3.0543444632946786,2.100144650625146,cairsense,42,AirAssure2,,322.0,
raw_anchor,3.944730127374399,2.6051599920726654,cairsense,0,AirAssure2,,322.0,
raw_anchor,3.944730127374399,2.6051599920726654,cairsense,1,AirAssure2,,322.0,
raw_anchor,3.944730127374399,2.6051599920726654,cairsense,42,AirAssure2,,322.0,
