dataset,anchor,method,rmse_mean,rmse_std,mae_mean,mae_std,n_seeds
toy_spatial,sensor_0,anchored,1.7393958171208699,0.005274196208007351,1.3880471388498943,0.005373581834760517,3
toy_spatial,sensor_0,raw_anchor,2.438621203104655,0.010401875373421304,1.9451287984848022,0.006779934922297823,3
seneurcity,5325CAT,anchored,5.101448161079714,0.4160557131958035,3.355363825838806,0.20176609674330911,3
seneurcity,5325CAT,raw_anchor,7.092920143865211,0.0,4.985311315045821,0.0,3
cairsense,AirAssure3,anchored,3.0292319880968996,0.10536721622258609,2.1900627371193706,0.04546347248544396,3
cairsense,AirAssure3,raw_anchor,3.62860256560522,0.0,2.5424426223920737,0.0,3
toy_spatial,sensor_1,anchored,4.055500348409017,0.0020985227002312547,3.5887319246927896,0.0023739820803448265,3
toy_spatial,sensor_1,raw_anchor,5.470082372083145,0.01809156537982064,4.424546063927623,0.013737095281866877,3
toy_spatial,sensor_2,anchored,4.904931386311849,0.01006473121443104,4.265228907267253,0.0044245224347063995,3
toy_spatial,sensor_2,raw_anchor,7.775851448538916,0.0254517739640986,5.985606651354054,0.016588005769527698,3
seneurcity,OPCN3PM25,anchored,7.08310495527238,0.8727384442744356,4.847657299708621,0.7286364738680037,3
seneurcity,OPCN3PM25,raw_anchor,15.692081130186113,0.0,7.797526632670138,0.0,3
seneurcity,5325CST,anchored,5.545876141039497,0.7461089435559293,3.54253374161822,0.3007302853363904,3
seneurcity,5325CST,raw_anchor,10.438449121590889,0.0,6.387416715255476,0.0,3
cairsense,AirAssure1,anchored,6.988244086654494,2.5837661719386436,5.547093353409697,2.293975055818419,3
cairsense,AirAssure1,raw_anchor,5.826315670554213,0.0,4.602302356334821,0.0,3
cairsense,AirAssure2,anchored,3.1124883028751893,0.1819048343639321,2.157782661742058,0.08780037224998957,3
cairsense,AirAssure2,raw_anchor,3.944730127374399,0.0,2.6051599920726654,0.0,3
