dataset,method,held_out_sensor,seed,anchor_sensors,coverage_primary,coverage_reference_row,coverage_sensor_row,coverage_reference_timestamp,coverage_sensor_timestamp,width,coverage_raw_sensor_row
toy_spatial,Oracle Split Conformal,,0,sensor_0,0.8004815,0.8004815,,,,4.46025594671297,
toy_spatial,Adaptive Held-Out Raw Sensor CP,sensor_0,0,sensor_0,0.8003520000000001,0.930148,0.8003520000000001,,,8.698987699397446,0.8003520000000001
toy_spatial,Adaptive Held-Out Raw Sensor CP,sensor_1,0,sensor_0,0.8000455000000002,0.9995004999999999,0.8000455000000002,,,14.721118360699775,0.8000455000000002
toy_spatial,Adaptive Held-Out Raw Sensor CP,sensor_2,0,sensor_0,0.8001830000000001,1.0,0.8001830000000001,,,19.351745185679675,0.8001830000000001
toy_spatial,Fused Posterior Predictive,,0,sensor_0,0.785147,0.785147,,,,4.306583876609802,
toy_spatial,Oracle Split Conformal,,1,sensor_0,0.8005125,0.8005125,,,,4.45754184462595,
toy_spatial,Adaptive Held-Out Raw Sensor CP,sensor_0,1,sensor_0,0.799711,0.9289895000000001,0.799711,,,8.61241192225635,0.799711
toy_spatial,Adaptive Held-Out Raw Sensor CP,sensor_1,1,sensor_0,0.7999584999999999,0.9995845000000001,0.7999584999999999,,,14.623012120552067,0.7999584999999999
toy_spatial,Adaptive Held-Out Raw Sensor CP,sensor_2,1,sensor_0,0.8001114999999999,1.0,0.8001114999999999,,,19.393098017175195,0.8001114999999999
toy_spatial,Fused Posterior Predictive,,1,sensor_0,0.7828320000000001,0.7828320000000001,,,,4.294846930503845,
toy_spatial,Oracle Split Conformal,,42,sensor_0,0.8004370000000002,0.8004370000000002,,,,4.419616002883672,
toy_spatial,Adaptive Held-Out Raw Sensor CP,sensor_0,42,sensor_0,0.7994364999999999,0.9284194999999998,0.7994364999999999,,,8.60887802242279,0.7994364999999999
toy_spatial,Adaptive Held-Out Raw Sensor CP,sensor_1,42,sensor_0,0.8010365,0.9995394999999999,0.8010365,,,14.708295890727046,0.8010365
toy_spatial,Adaptive Held-Out Raw Sensor CP,sensor_2,42,sensor_0,0.800728,1.0,0.800728,,,19.304808284478426,0.800728
toy_spatial,Fused Posterior Predictive,,42,sensor_0,0.7873600000000002,0.7873600000000002,,,,4.296714062690735,
seneurcity,Oracle Split Conformal,,0,5325CAT,0.8526195818641593,0.8526195818641593,,0.5257936507936508,,14.65545410051176,
seneurcity,Adaptive Held-Out Raw Sensor CP,OPCN3PM25,0,5325CAT,0.7919649535206753,0.9188659757096556,0.7919649535206753,0.7982804232804233,0.5674603174603174,24.400305035144104,0.7919649535206753
seneurcity,Adaptive Held-Out Raw Sensor CP,5325CAT,0,5325CAT,0.8352031912241337,0.9384905794778644,0.8352031912241337,0.6481481481481481,0.42328042328042326,19.795966040200415,0.8352031912241337
seneurcity,Adaptive Held-Out Raw Sensor CP,5325CST,0,5325CAT,0.794066317626527,0.9326851159311892,0.794066317626527,0.6455026455026455,0.4060846560846561,19.890487335981344,0.794066317626527
seneurcity,Fused Posterior Predictive,,0,5325CAT,0.5529100529100529,0.9214303522456103,,0.5529100529100529,,16.413077165034565,
seneurcity,Oracle Split Conformal,,1,5325CAT,0.8391566050503971,0.8391566050503971,,0.45171957671957674,,16.91220418647668,
seneurcity,Adaptive Held-Out Raw Sensor CP,OPCN3PM25,1,5325CAT,0.7769348577127186,0.9265234889767425,0.7769348577127186,0.8161375661375662,0.49074074074074076,25.19435967183598,0.7769348577127186
seneurcity,Adaptive Held-Out Raw Sensor CP,5325CAT,1,5325CAT,0.7822773088292909,0.8738113046265626,0.7822773088292909,0.5370370370370371,0.453042328042328,19.04098035638483,0.7822773088292909
seneurcity,Adaptive Held-Out Raw Sensor CP,5325CST,1,5325CAT,0.7431349503152046,0.8238059621754461,0.7431349503152046,0.5138888888888888,0.4041005291005291,19.101200392173155,0.7431349503152046
seneurcity,Fused Posterior Predictive,,1,5325CAT,0.541005291005291,0.894753713003526,,0.541005291005291,,19.47550823109635,
seneurcity,Oracle Split Conformal,,42,5325CAT,0.8713537771129394,0.8713537771129394,,0.5099206349206349,,17.173426982657947,
seneurcity,Adaptive Held-Out Raw Sensor CP,OPCN3PM25,42,5325CAT,0.7700965202835061,0.9213235032232788,0.7700965202835061,0.791005291005291,0.5138888888888888,25.096900976538667,0.7700965202835061
seneurcity,Adaptive Held-Out Raw Sensor CP,5325CAT,42,5325CAT,0.8107703814510098,0.9114221604872316,0.8107703814510098,0.5740740740740741,0.5687830687830688,19.60935838501129,0.8107703814510098
seneurcity,Adaptive Held-Out Raw Sensor CP,5325CST,42,5325CAT,0.7795348505894505,0.9022687609075044,0.7795348505894505,0.5648148148148148,0.47685185185185186,20.62092504882679,0.7795348505894505
seneurcity,Fused Posterior Predictive,,42,5325CAT,0.542989417989418,0.8933290593724401,,0.542989417989418,,18.129100876222687,
cairsense,Oracle Split Conformal,,0,AirAssure3,0.84472049689441,0.84472049689441,,0.84472049689441,,10.064941603574693,
cairsense,Adaptive Held-Out Raw Sensor CP,AirAssure1,0,AirAssure3,0.8571428571428571,0.9875776397515528,0.8571428571428571,0.9875776397515528,0.8571428571428571,18.317084795939994,0.8571428571428571
cairsense,Adaptive Held-Out Raw Sensor CP,AirAssure2,0,AirAssure3,0.717391304347826,0.7732919254658385,0.717391304347826,0.7732919254658385,0.717391304347826,9.249381029087564,0.717391304347826
cairsense,Adaptive Held-Out Raw Sensor CP,AirAssure3,0,AirAssure3,0.8074534161490683,0.8043478260869565,0.8074534161490683,0.8043478260869565,0.8074534161490683,8.37864971753233,0.8074534161490683
cairsense,Fused Posterior Predictive,,0,AirAssure3,0.9565217391304348,0.9565217391304348,,0.9565217391304348,,12.676453880641771,
cairsense,Oracle Split Conformal,,1,AirAssure3,0.8229813664596274,0.8229813664596274,,0.8229813664596274,,8.868303595862773,
cairsense,Adaptive Held-Out Raw Sensor CP,AirAssure1,1,AirAssure3,0.8074534161490683,0.9875776397515528,0.8074534161490683,0.9875776397515528,0.8074534161490683,17.066838597659,0.8074534161490683
cairsense,Adaptive Held-Out Raw Sensor CP,AirAssure2,1,AirAssure3,0.8229813664596274,0.8043478260869565,0.8229813664596274,0.8043478260869565,0.8229813664596274,7.237632776269261,0.8229813664596274
cairsense,Adaptive Held-Out Raw Sensor CP,AirAssure3,1,AirAssure3,0.860248447204969,0.8757763975155279,0.860248447204969,0.8757763975155279,0.860248447204969,8.968485505499455,0.860248447204969
cairsense,Fused Posterior Predictive,,1,AirAssure3,0.9658385093167702,0.9658385093167702,,0.9658385093167702,,12.316055380779764,
cairsense,Oracle Split Conformal,,42,AirAssure3,0.8695652173913043,0.8695652173913043,,0.8695652173913043,,9.39153257956416,
cairsense,Adaptive Held-Out Raw Sensor CP,AirAssure1,42,AirAssure3,0.8074534161490683,0.9875776397515528,0.8074534161490683,0.9875776397515528,0.8074534161490683,18.05978421283805,0.8074534161490683
cairsense,Adaptive Held-Out Raw Sensor CP,AirAssure2,42,AirAssure3,0.8540372670807453,0.8198757763975155,0.8540372670807453,0.8198757763975155,0.8540372670807453,7.2916736075226565,0.8540372670807453
cairsense,Adaptive Held-Out Raw Sensor CP,AirAssure3,42,AirAssure3,0.8198757763975155,0.8105590062111802,0.8198757763975155,0.8105590062111802,0.8198757763975155,6.956028879244135,0.8198757763975155
cairsense,Fused Posterior Predictive,,42,AirAssure3,0.9440993788819876,0.9440993788819876,,0.9440993788819876,,11.129492593848187,
