dataset,method,held_out_sensor,coverage_primary_mean,coverage_primary_std,coverage_reference_row_mean,coverage_reference_row_std,coverage_sensor_row_mean,coverage_sensor_row_std,coverage_reference_timestamp_mean,coverage_reference_timestamp_std,coverage_sensor_timestamp_mean,coverage_sensor_timestamp_std,width_mean,width_std,n_seeds,anchor_sensors,coverage_raw_sensor_row_mean,coverage_raw_sensor_row_std
toy_spatial,Oracle Split Conformal,,0.800477,3.795062581821041e-05,0.800477,3.795062581821041e-05,,,,,,,4.445804598074197,0.022720551843531007,3,sensor_0,,
toy_spatial,Adaptive Held-Out Raw Sensor CP,sensor_0,0.7998331666666667,0.0004698176064531933,0.9291856666666667,0.0008807888982800731,0.7998331666666667,0.0004698176064531933,,,,,8.640092548025528,0.05103529419283486,3,sensor_0,0.7998331666666667,0.0004698176064531933
toy_spatial,Adaptive Held-Out Raw Sensor CP,sensor_1,0.8003468333333333,0.000598850843978103,0.9995415,4.203569911406689e-05,0.8003468333333333,0.000598850843978103,,,,,14.684142123992963,0.05332693432556647,3,sensor_0,0.8003468333333333,0.000598850843978103
toy_spatial,Adaptive Held-Out Raw Sensor CP,sensor_2,0.8003408333333333,0.000337196653799173,1.0,0.0,0.8003408333333333,0.000337196653799173,,,,,19.349883829111096,0.04417428789605068,3,sensor_0,0.8003408333333333,0.000337196653799173
toy_spatial,Fused Posterior Predictive,,0.7851130000000001,0.002264191467168815,0.7851130000000001,0.002264191467168815,,,,,,,4.299381623268128,0.0063068126299327286,3,sensor_0,,
seneurcity,Oracle Split Conformal,,0.854376654675832,0.016170341704966458,0.854376654675832,0.016170341704966458,,,0.4958112874779541,0.03900060738535445,,,16.247028423215465,1.3845183118429674,3,5325CAT,,
seneurcity,Adaptive Held-Out Raw Sensor CP,OPCN3PM25,0.7796654438389666,0.011187008916898873,0.9222376559698923,0.003909748558668296,0.7796654438389666,0.011187008916898873,0.8018077601410935,0.012932107033564781,0.5240299823633157,0.03935231499734861,24.897188561172914,0.433064057792127,3,5325CAT,0.7796654438389666,0.011187008916898873
seneurcity,Adaptive Held-Out Raw Sensor CP,5325CAT,0.809416960501478,0.026488885745122488,0.9079080148638862,0.03248251935147763,0.809416960501478,0.026488885745122488,0.5864197530864198,0.056575008579701665,0.48170194003527333,0.0768686215679504,19.48210159386551,0.3932512731844148,3,5325CAT,0.809416960501478,0.026488885745122488
seneurcity,Adaptive Held-Out Raw Sensor CP,5325CST,0.7722453728437273,0.0262364900168497,0.8862532796713799,0.05617863704345434,0.7722453728437273,0.0262364900168497,0.5747354497354497,0.0663653484916465,0.4290123456790124,0.04144210362805135,19.87087092566043,0.7600522091775421,3,5325CAT,0.7722453728437273,0.0262364900168497
seneurcity,Fused Posterior Predictive,,0.5456349206349206,0.006378075900127599,0.9031710415405255,0.015829062829515874,,,0.5456349206349206,0.006378075900127599,,,18.005895424117867,1.5349285638642416,3,5325CAT,,
cairsense,Oracle Split Conformal,,0.8457556935817806,0.023309172358587364,0.8457556935817806,0.023309172358587364,,,0.8457556935817806,0.023309172358587364,,,9.441592593000543,0.5998876012088646,3,AirAssure3,,
cairsense,Adaptive Held-Out Raw Sensor CP,AirAssure1,0.8240165631469979,0.028688212133646022,0.9875776397515527,0.0,0.8240165631469979,0.028688212133646022,0.9875776397515527,0.0,0.8240165631469979,0.028688212133646022,17.81456920214568,0.6602095804974831,3,AirAssure3,0.8240165631469979,0.028688212133646022
cairsense,Adaptive Held-Out Raw Sensor CP,AirAssure2,0.7981366459627329,0.07163082356938386,0.7991718426501034,0.023719335895216544,0.7981366459627329,0.07163082356938386,0.7991718426501034,0.023719335895216544,0.7981366459627329,0.07163082356938386,7.9262291376264935,1.1462016832863204,3,AirAssure3,0.7981366459627329,0.07163082356938386
cairsense,Adaptive Held-Out Raw Sensor CP,AirAssure3,0.829192546583851,0.027603088252532902,0.8302277432712216,0.0395683537341954,0.829192546583851,0.027603088252532902,0.8302277432712216,0.0395683537341954,0.829192546583851,0.027603088252532902,8.10105470075864,1.0345480477691333,3,AirAssure3,0.829192546583851,0.027603088252532902
cairsense,Fused Posterior Predictive,,0.9554865424430642,0.010906473864236781,0.9554865424430642,0.010906473864236781,,,0.9554865424430642,0.010906473864236781,,,12.040667285089908,0.8094141450118596,3,AirAssure3,,
