Dataset,Interval,Held-out sensor,Reference coverage,Held-out sensor coverage,Width
Toy,Oracle Split Conformal,—,0.8005 ± 0.0000,—,4.4458 ± 0.0227
Toy,Adaptive Held-Out Raw Sensor CP,sensor_0,0.9292 ± 0.0009,0.7998 ± 0.0005,8.6401 ± 0.0510
Toy,Adaptive Held-Out Raw Sensor CP,sensor_1,0.9995 ± 0.0000,0.8003 ± 0.0006,14.6841 ± 0.0533
Toy,Adaptive Held-Out Raw Sensor CP,sensor_2,1.0000 ± 0.0000,0.8003 ± 0.0003,19.3499 ± 0.0442
Toy,Fused Posterior Predictive,—,0.7851 ± 0.0023,—,4.2994 ± 0.0063
SensEURCity,Oracle Split Conformal,—,0.8544 ± 0.0162,—,16.2470 ± 1.3845
SensEURCity,Adaptive Held-Out Raw Sensor CP,OPCN3PM25,0.9222 ± 0.0039,0.7797 ± 0.0112,24.8972 ± 0.4331
SensEURCity,Adaptive Held-Out Raw Sensor CP,5325CAT,0.9079 ± 0.0325,0.8094 ± 0.0265,19.4821 ± 0.3933
SensEURCity,Adaptive Held-Out Raw Sensor CP,5325CST,0.8863 ± 0.0562,0.7722 ± 0.0262,19.8709 ± 0.7601
SensEURCity,Fused Posterior Predictive,—,0.9032 ± 0.0158,—,18.0059 ± 1.5349
CAIRSENSE,Oracle Split Conformal,—,0.8458 ± 0.0233,—,9.4416 ± 0.5999
CAIRSENSE,Adaptive Held-Out Raw Sensor CP,AirAssure1,0.9876 ± 0.0000,0.8240 ± 0.0287,17.8146 ± 0.6602
CAIRSENSE,Adaptive Held-Out Raw Sensor CP,AirAssure2,0.7992 ± 0.0237,0.7981 ± 0.0716,7.9262 ± 1.1462
CAIRSENSE,Adaptive Held-Out Raw Sensor CP,AirAssure3,0.8302 ± 0.0396,0.8292 ± 0.0276,8.1011 ± 1.0345
CAIRSENSE,Fused Posterior Predictive,—,0.9555 ± 0.0109,—,12.0407 ± 0.8094
