dataset,axis,value,rmse_mean,rmse_std,mae_mean,mae_std,n_seeds
toy_spatial,hidden_dim,128.0,1.7393958171208699,0.005274196208007351,1.3880471388498943,0.005373581834760517,3
toy_spatial,lr,4e-05,1.7393958171208699,0.005274196208007351,1.3880471388498943,0.005373581834760517,3
seneurcity,hidden_dim,4.0,5.101448161079714,0.4160557131958035,3.355363825838806,0.20176609674330911,3
seneurcity,lr,0.0001,5.101448161079714,0.4160557131958035,3.355363825838806,0.20176609674330911,3
cairsense,hidden_dim,4.0,3.0292319880968996,0.10536721622258609,2.1900627371193706,0.04546347248544396,3
cairsense,lr,0.0002,3.0292319880968996,0.10536721622258609,2.1900627371193706,0.04546347248544396,3
toy_spatial,hidden_dim,32.0,1.9778296947479248,0.025179719052162867,1.5883864164352417,0.019969408537203467,3
toy_spatial,hidden_dim,64.0,1.7507678270339966,0.0057576123679498135,1.3968783617019653,0.00468890374410355,3
toy_spatial,hidden_dim,256.0,1.735870599746704,0.006056660320707601,1.3851358890533447,0.005670974296335784,3
toy_spatial,hidden_dim,512.0,1.7374659379323323,0.0060087065710829266,1.386075774828593,0.005200646211814373,3
toy_spatial,lr,1e-05,2.1050451596577964,0.0581730411235174,1.6934112310409546,0.044283399267554036,3
toy_spatial,lr,2e-05,1.7536853551864624,0.001469037463580309,1.399810512860616,0.0021497911708400186,3
toy_spatial,lr,0.0001,1.735672156016032,0.005985140151485426,1.3846161365509033,0.005359288687954947,3
toy_spatial,lr,0.0002,1.7373180786768596,0.005838414679454212,1.3859191338221233,0.00497462588692716,3
seneurcity,hidden_dim,2.0,5.311718325350591,0.48323854009789924,3.516791732759803,0.2705710373098451,3
seneurcity,hidden_dim,8.0,5.253175269042274,0.2613516587019259,3.4132878515596983,0.15208811020830862,3
seneurcity,hidden_dim,16.0,5.738738427171657,0.383933596620703,3.9041729207785063,0.32272756279082826,3
seneurcity,hidden_dim,32.0,5.919524055313558,0.09884376532571332,4.083189679984431,0.16902589211034075,3
seneurcity,lr,5e-05,5.119513076206362,0.3894944377909854,3.334529915211302,0.2737094621627622,3
seneurcity,lr,0.0002,5.246572629627939,0.4921324043222748,3.537115349162839,0.31397333247711245,3
seneurcity,lr,0.0005,5.42346558001714,0.5547838471929437,3.6292473947143784,0.3945984022308536,3
seneurcity,lr,0.001,5.588432015414308,0.3972506693158511,3.7560443964929653,0.26988422894042763,3
cairsense,hidden_dim,2.0,3.001216881762263,0.07786734267867587,2.1695039479628853,0.030060291614472066,3
cairsense,hidden_dim,8.0,3.1963924015668272,0.16383956955501772,2.273288077202396,0.15846115647214318,3
cairsense,hidden_dim,16.0,3.2984722544657017,0.1220963150218019,2.3343064439469488,0.060850512085038146,3
cairsense,hidden_dim,32.0,3.470815338125129,0.1302361175379907,2.4431806647259258,0.20222648876190338,3
cairsense,lr,5e-05,3.9376608761479805,0.241831426635291,2.6533685525258384,0.17173863995385477,3
cairsense,lr,0.0001,3.2005619285609157,0.07290022377036225,2.1907264287920967,0.059107326191588073,3
cairsense,lr,0.0005,3.195577330771844,0.03216954184351341,2.287403683731521,0.041317784677640475,3
cairsense,lr,0.001,3.2798733900900987,0.05524207953211707,2.321938943171847,0.012128635587628606,3
