method,rmse,mae,dataset,seed,axis,value,fold,test_rows,anchor_sensor
anchored,1.735369086265564,1.3825784921646118,toy_spatial,0,hidden_dim,128.0,,,
anchored,1.7453659772872925,1.3933203220367432,toy_spatial,1,hidden_dim,128.0,,,
anchored,1.7374523878097534,1.3882426023483276,toy_spatial,42,hidden_dim,128.0,,,
anchored,1.735369086265564,1.3825784921646118,toy_spatial,0,lr,4e-05,,,
anchored,1.7453659772872925,1.3933203220367432,toy_spatial,1,lr,4e-05,,,
anchored,1.7374523878097534,1.3882426023483276,toy_spatial,42,lr,4e-05,,,
anchored,4.624771906067079,3.1386126366063105,seneurcity,0,hidden_dim,4.0,,28077.0,
anchored,5.391624184118311,3.537724211255289,seneurcity,1,hidden_dim,4.0,,28077.0,
anchored,5.287948393053753,3.3897546296548176,seneurcity,42,hidden_dim,4.0,,28077.0,
anchored,4.624771906067079,3.1386126366063105,seneurcity,0,lr,0.0001,,28077.0,
anchored,5.391624184118311,3.537724211255289,seneurcity,1,lr,0.0001,,28077.0,
anchored,5.287948393053753,3.3897546296548176,seneurcity,42,lr,0.0001,,28077.0,
anchored,2.9994840238585456,2.1924049335977305,cairsense,0,hidden_dim,4.0,,322.0,
anchored,3.1462751643122053,2.2343098391657294,cairsense,1,hidden_dim,4.0,,322.0,
anchored,2.941936776119948,2.1434734385946523,cairsense,42,hidden_dim,4.0,,322.0,
anchored,2.9994840238585456,2.1924049335977305,cairsense,0,lr,0.0002,,322.0,
anchored,3.1462751643122053,2.2343098391657294,cairsense,1,lr,0.0002,,322.0,
anchored,2.941936776119948,2.1434734385946523,cairsense,42,lr,0.0002,,322.0,
anchored,1.975608468055725,1.5814331769943237,toy_spatial,0,hidden_dim,32.0,,20000.0,sensor_0
anchored,1.9538341760635376,1.572823166847229,toy_spatial,1,hidden_dim,32.0,,20000.0,sensor_0
anchored,2.0040464401245117,1.6109029054641724,toy_spatial,42,hidden_dim,32.0,,20000.0,sensor_0
anchored,1.7533239126205444,1.3969719409942627,toy_spatial,0,hidden_dim,64.0,,20000.0,sensor_0
anchored,1.7548048496246338,1.401519775390625,toy_spatial,1,hidden_dim,64.0,,20000.0,sensor_0
anchored,1.7441747188568115,1.3921433687210083,toy_spatial,42,hidden_dim,64.0,,20000.0,sensor_0
anchored,1.7317306995391846,1.380082368850708,toy_spatial,0,hidden_dim,256.0,,20000.0,sensor_0
anchored,1.7428220510482788,1.3912690877914429,toy_spatial,1,hidden_dim,256.0,,20000.0,sensor_0
anchored,1.733059048652649,1.3840562105178833,toy_spatial,42,hidden_dim,256.0,,20000.0,sensor_0
anchored,1.7343828678131104,1.3819677829742432,toy_spatial,0,hidden_dim,512.0,,20000.0,sensor_0
anchored,1.7443903684616089,1.391923189163208,toy_spatial,1,hidden_dim,512.0,,20000.0,sensor_0
anchored,1.7336245775222778,1.3843363523483276,toy_spatial,42,hidden_dim,512.0,,20000.0,sensor_0
anchored,2.1089015007019043,1.6949787139892578,toy_spatial,0,lr,1e-05,,20000.0,sensor_0
anchored,2.0450398921966553,1.6483649015426636,toy_spatial,1,lr,1e-05,,20000.0,sensor_0
anchored,2.161194086074829,1.7368900775909424,toy_spatial,42,lr,1e-05,,20000.0,sensor_0
anchored,1.753836750984192,1.3984216451644897,toy_spatial,0,lr,2e-05,,20000.0,sensor_0
anchored,1.7521464824676514,1.3987231254577637,toy_spatial,1,lr,2e-05,,20000.0,sensor_0
anchored,1.755072832107544,1.4022867679595947,toy_spatial,42,lr,2e-05,,20000.0,sensor_0
anchored,1.731995701789856,1.3799173831939697,toy_spatial,0,lr,0.0001,,20000.0,sensor_0
anchored,1.742578387260437,1.3904531002044678,toy_spatial,1,lr,0.0001,,20000.0,sensor_0
anchored,1.7324423789978027,1.3834779262542725,toy_spatial,42,lr,0.0001,,20000.0,sensor_0
anchored,1.734602928161621,1.3820598125457764,toy_spatial,0,lr,0.0002,,20000.0,sensor_0
anchored,1.744019627571106,1.391533374786377,toy_spatial,1,lr,0.0002,,20000.0,sensor_0
anchored,1.7333316802978516,1.3841642141342163,toy_spatial,42,lr,0.0002,,20000.0,sensor_0
anchored,5.111041380879791,3.4127539956519146,seneurcity,0,hidden_dim,2.0,,28077.0,
anchored,5.862962618799631,3.8239395847202355,seneurcity,1,hidden_dim,2.0,,28077.0,
anchored,4.961150976372352,3.31368161790726,seneurcity,42,hidden_dim,2.0,,28077.0,
anchored,5.515866778040382,3.586001982226791,seneurcity,0,hidden_dim,8.0,,28077.0,
anchored,5.250474638164252,3.3544655836226744,seneurcity,1,hidden_dim,8.0,,28077.0,
anchored,4.993184390922188,3.29939598882963,seneurcity,42,hidden_dim,8.0,,28077.0,
anchored,6.0996928062056845,4.228016264329852,seneurcity,0,hidden_dim,16.0,,28077.0,
anchored,5.781171441113854,3.9019296646169113,seneurcity,1,hidden_dim,16.0,,28077.0,
anchored,5.335351034195429,3.582572833388756,seneurcity,42,hidden_dim,16.0,,28077.0,
anchored,5.933538772383332,4.1564234780947675,seneurcity,0,hidden_dim,32.0,,28077.0,
anchored,5.814420923562618,3.8898968085708723,seneurcity,1,hidden_dim,32.0,,28077.0,
anchored,6.010612469994724,4.203248753287656,seneurcity,42,hidden_dim,32.0,,28077.0,
anchored,4.673504116162432,3.0233198675533752,seneurcity,0,lr,5e-05,,28077.0,
anchored,5.39264661706648,3.5378643781213155,seneurcity,1,lr,5e-05,,28077.0,
anchored,5.292388495390173,3.4424054999592153,seneurcity,42,lr,5e-05,,28077.0,
anchored,4.7884691561342025,3.311776715699401,seneurcity,0,lr,0.0002,,28077.0,
anchored,5.766829120909744,3.8957442737744015,seneurcity,1,lr,0.0002,,28077.0,
anchored,5.184419611839869,3.4038250580147156,seneurcity,42,lr,0.0002,,28077.0,
anchored,4.795161047629358,3.215901137506469,seneurcity,0,lr,0.0005,,28077.0,
anchored,5.845831422262886,4.001952305764653,seneurcity,1,lr,0.0005,,28077.0,
anchored,5.629404270159177,3.6698887408720138,seneurcity,42,lr,0.0005,,28077.0,
anchored,5.1323764091333555,3.4465870201432707,seneurcity,0,lr,0.001,,28077.0,
anchored,5.7738211359217955,3.9426258113618022,seneurcity,1,lr,0.001,,28077.0,
anchored,5.859098501187771,3.8789203579738216,seneurcity,42,lr,0.001,,28077.0,
anchored,3.0753494023506094,2.1953904214112656,cairsense,0,hidden_dim,2.0,,322.0,
anchored,3.008214213006368,2.1765866694243057,cairsense,1,hidden_dim,2.0,,322.0,
anchored,2.920087029929813,2.1365347530530845,cairsense,42,hidden_dim,2.0,,322.0,
anchored,3.385504545825156,2.4543460141057554,cairsense,0,hidden_dim,8.0,,322.0,
anchored,3.0972699060575715,2.205638263536536,cairsense,1,hidden_dim,8.0,,322.0,
anchored,3.106402752817754,2.159879953964897,cairsense,42,hidden_dim,8.0,,322.0,
anchored,3.3832865874118347,2.3743667291558306,cairsense,0,hidden_dim,16.0,,322.0,
anchored,3.353596656405534,2.3642679504726245,cairsense,1,hidden_dim,16.0,,322.0,
anchored,3.1585335195797364,2.2642846522123916,cairsense,42,hidden_dim,16.0,,322.0,
anchored,3.6200493305691395,2.664732362913049,cairsense,0,hidden_dim,32.0,,322.0,
anchored,3.4122718584998486,2.3962928937829058,cairsense,1,hidden_dim,32.0,,322.0,
anchored,3.3801248253063996,2.2685167374818223,cairsense,42,hidden_dim,32.0,,322.0,
anchored,4.201077058654929,2.851266736569612,cairsense,0,lr,5e-05,,322.0,
anchored,3.8862109620701686,2.5654372650644053,cairsense,1,lr,5e-05,,322.0,
anchored,3.7256946077188453,2.5434016559434975,cairsense,42,lr,5e-05,,322.0,
anchored,3.191271477059867,2.2563258254009746,cairsense,0,lr,0.0001,,322.0,
anchored,3.2776620248099015,2.1742428385693096,cairsense,1,lr,0.0001,,322.0,
anchored,3.1327522838129775,2.141610622406006,cairsense,42,lr,0.0001,,322.0,
anchored,3.1624687075903166,2.239776497301848,cairsense,0,lr,0.0005,,322.0,
anchored,3.2267173794262356,2.3087887660316797,cairsense,1,lr,0.0005,,322.0,
anchored,3.1975459052989796,2.313645787861036,cairsense,42,lr,0.0005,,322.0,
anchored,3.2840770294729147,2.308446863423223,cairsense,0,lr,0.001,,322.0,
anchored,3.332893566126233,2.3319371575894565,cairsense,1,lr,0.001,,322.0,
anchored,3.2226495746711485,2.325432808502861,cairsense,42,lr,0.001,,322.0,
