method,rmse,mae,dataset,seed,train_fraction,fold,test_rows,anchor_sensor
anchored,1.735369086265564,1.3825784921646118,toy_spatial,0,1.0,,,
anchored,1.7453659772872925,1.3933203220367432,toy_spatial,1,1.0,,,
anchored,1.7374523878097534,1.3882426023483276,toy_spatial,42,1.0,,,
anchored,4.624771906067079,3.1386126366063105,seneurcity,0,1.0,,28077.0,
anchored,5.391624184118311,3.537724211255289,seneurcity,1,1.0,,28077.0,
anchored,5.287948393053753,3.3897546296548176,seneurcity,42,1.0,,28077.0,
anchored,2.9994840238585456,2.1924049335977305,cairsense,0,1.0,,322.0,
anchored,3.1462751643122053,2.2343098391657294,cairsense,1,1.0,,322.0,
anchored,2.941936776119948,2.1434734385946523,cairsense,42,1.0,,322.0,
anchored,2.0197455883026123,1.61948823928833,toy_spatial,0,0.5,,20000.0,sensor_0
anchored,1.9408363103866577,1.5571708679199219,toy_spatial,1,0.5,,20000.0,sensor_0
anchored,2.0536134243011475,1.6463561058044434,toy_spatial,42,0.5,,20000.0,sensor_0
anchored,2.889479875564575,2.3296124935150146,toy_spatial,0,0.25,,20000.0,sensor_0
anchored,3.2219226360321045,2.599278688430786,toy_spatial,1,0.25,,20000.0,sensor_0
anchored,3.824824571609497,3.074265241622925,toy_spatial,42,0.25,,20000.0,sensor_0
anchored,4.412232398986816,3.4964547157287598,toy_spatial,0,0.125,,20000.0,sensor_0
anchored,4.987589359283447,3.956758975982666,toy_spatial,1,0.125,,20000.0,sensor_0
anchored,7.208404541015625,5.924620151519775,toy_spatial,42,0.125,,20000.0,sensor_0
anchored,4.677110028662059,3.0316483949236743,seneurcity,0,0.5,,28077.0,
anchored,5.429589388364658,3.5713333108382086,seneurcity,1,0.5,,28077.0,
anchored,5.283543073320848,3.4389118496779045,seneurcity,42,0.5,,28077.0,
anchored,4.734183314123848,3.0359137212465463,seneurcity,0,0.25,,28077.0,
anchored,5.262316118221116,3.421793110847779,seneurcity,1,0.25,,28077.0,
anchored,5.163143327793734,3.3871649256135363,seneurcity,42,0.25,,28077.0,
anchored,4.785527609736061,3.067460766841311,seneurcity,0,0.125,,28077.0,
anchored,5.098145851783967,3.2783256206611973,seneurcity,1,0.125,,28077.0,
anchored,5.039327927245716,3.2764011859112574,seneurcity,42,0.125,,28077.0,
anchored,3.1501629441495185,2.250431900439055,cairsense,0,0.5,,322.0,
anchored,3.2578539330606744,2.184580087661743,cairsense,1,0.5,,322.0,
anchored,3.0780208415457806,2.1007519908573316,cairsense,42,0.5,,322.0,
anchored,4.112200635522885,2.7585693545963452,cairsense,0,0.25,,322.0,
anchored,4.172687646491357,2.795930634374204,cairsense,1,0.25,,322.0,
anchored,3.535023854747214,2.408252881920856,cairsense,42,0.25,,322.0,
anchored,4.584643982920318,3.1407704042351763,cairsense,0,0.125,,322.0,
anchored,4.37487836099632,3.010962610659392,cairsense,1,0.125,,322.0,
anchored,3.9405285606990326,2.5339241235152534,cairsense,42,0.125,,322.0,
