dataset,train_fraction,rmse_mean,rmse_std,mae_mean,mae_std,n_seeds
toy_spatial,1.0,1.7393958171208699,0.005274196208007351,1.3880471388498943,0.005373581834760517,3
seneurcity,1.0,5.101448161079714,0.4160557131958035,3.355363825838806,0.20176609674330911,3
cairsense,1.0,3.0292319880968996,0.10536721622258609,2.1900627371193706,0.04546347248544396,3
toy_spatial,0.5,2.004731774330139,0.0578682150512738,1.6076717376708984,0.045751764413908075,3
toy_spatial,0.25,3.312075694402059,0.47414460405548653,2.6677188078562417,0.3770145438526128,3
toy_spatial,0.125,5.536075433095296,1.476574546658125,4.459277947743733,1.2897251000222467,3
seneurcity,0.5,5.130080830115855,0.39902292134881073,3.347297851813263,0.28126463618801517,3
seneurcity,0.25,5.053214253379566,0.28070334116657336,3.281623919235954,0.21349450543315998,3
seneurcity,0.125,4.974333796255248,0.16613464151911644,3.2073958578045882,0.12119116355763002,3
cairsense,0.5,3.1620125729186577,0.0905002512561476,2.1785879929860434,0.07501964897312022,3
cairsense,0.25,3.939970712253819,0.3519959341772725,2.6542509569638018,0.21385802767323459,3
cairsense,0.125,4.300016968205224,0.3285184018952265,2.895219046136607,0.3195512973721605,3
